<?xml version="1.0" encoding="UTF-8"?>
<project-private xmlns="http://www.netbeans.org/ns/project-private/1">
    <editor-bookmarks xmlns="http://www.netbeans.org/ns/editor-bookmarks/2" lastBookmarkId="0"/>
    <open-files xmlns="http://www.netbeans.org/ns/projectui-open-files/2">
        <group>
            <file>file:/Users/jimeneztuero/MPLABXProjects/HTW/3.%20FS/Mikrocomputertechnik/MPLab/Hex.X/mcc_generated_files/pin_manager.h</file>
            <file>file:/Users/jimeneztuero/MPLABXProjects/HTW/3.%20FS/Mikrocomputertechnik/MPLab/Hex.X/hexcounter.h</file>
            <file>file:/Users/jimeneztuero/MPLABXProjects/HTW/3.%20FS/Mikrocomputertechnik/MPLab/Hex.X/main.c</file>
            <file>file:/Users/jimeneztuero/MPLABXProjects/HTW/3.%20FS/Mikrocomputertechnik/MPLab/Hex.X/mcc_generated_files/pin_manager.c</file>
        </group>
    </open-files>
</project-private>
